"행정구역별(1)",행정구역별(2),2024,2024,2024,2024,2024,2024,2024,2024,2024,2024,2024,2024,2024,2024,2024
"행정구역별(1)",행정구역별(2),세대수 (세대),등록인구 (명),등록인구 (명),등록인구 (명),한국인 (명),한국인 (명),한국인 (명),외국인 (명),외국인 (명),외국인 (명),세대당 인구 (명),65세이상 고령자 (명),평균연령 (세),인구밀도 (명/㎢),면적 (㎢)
"행정구역별(1)",행정구역별(2),소계,소계,남,여,소계,남,여,소계,남,여,소계,소계,소계,소계,소계
"합계",소계,459474,1017979,517605,500374,999858,506050,493808,18121,11555,6566,2.18,192030,47.1,1334,749.56
"의창구",소계,97065,213328,108737,104591,209695,106604,103091,3633,2133,1500,2.16,38165,46.4,1023,204.89
"의창구",동읍,9004,18502,9458,9044,18279,9334,8945,223,124,99,2.03,4762,49.8,306,59.75
"의창구",북면,16884,43192,21634,21558,42941,21516,21425,251,118,133,2.54,6331,40.7,583,73.65
"의창구",대산면,3671,7164,3787,3377,6674,3382,3292,490,405,85,1.82,2564,55.9,197,33.82
"의창구",의창동,21184,48809,24524,24285,48537,24413,24124,272,111,161,2.29,7942,43.7,5820,8.34
"의창구",팔룡동,11212,25716,13283,12433,24886,12677,12209,830,606,224,2.22,3211,42.4,2363,10.53
"의창구",명곡동,18239,39912,20179,19733,39104,19765,19339,808,414,394,2.14,7273,46.0,5907,6.62
"의창구",봉림동,16871,30033,15872,14161,29274,15517,13757,759,355,404,1.74,6082,46.5,2403,12.18
"성산구",소계,107403,248915,127648,121267,244489,124687,119802,4426,2961,1465,2.28,31858,43.4,2737,89.34
"성산구",반송동,15545,39248,19737,19511,39004,19611,19393,244,126,118,2.51,5664,43.3,16958,2.30
"성산구",중앙동,12167,27783,14204,13579,26167,13175,12992,1616,1029,587,2.15,4342,41.7,2950,8.87
"성산구",용지동,19993,38091,20566,17525,37763,20406,17357,328,160,168,1.89,3899,43.8,14250,2.65
"성산구",상남동,10820,26532,13183,13349,26359,13114,13245,173,69,104,2.44,3186,42.9,23122,1.14
"성산구",사파동,19723,44850,22265,22585,44547,22139,22408,303,126,177,2.26,5887,43.4,5341,8.34
"성산구",가음정동,15595,37873,19133,18740,37505,18912,18593,368,221,147,2.40,4587,42.5,12978,2.89
"성산구",성주동,10224,26634,14031,12603,26113,13610,12503,521,421,100,2.55,2741,42.0,1046,24.96
"성산구",웅남동,3336,7904,4529,3375,7031,3720,3311,873,809,64,2.11,1552,47.7,184,38.19
"마산합포구",소계,86429,180876,90145,90731,178211,88459,89752,2665,1686,979,2.06,46004,50.3,739,241.18
"마산합포구",구산면,2299,4118,2209,1909,3919,2022,1897,199,187,12,1.70,1865,59.7,90,43.57
"마산합포구",진동면,5479,11822,6065,5757,11551,5896,5655,271,169,102,2.11,3076,48.1,358,32.30
"마산합포구",진북면,1819,3568,2071,1497,3110,1660,1450,458,411,47,1.71,1450,60.3,67,46.56
"마산합포구",진전면,2165,3794,1941,1853,3630,1815,1815,164,126,38,1.68,1940,62.8,46,78.60
"마산합포구",현동,5700,13696,6797,6899,13605,6742,6863,91,55,36,2.39,2342,41.7,697,19.51
"마산합포구",가포동,2603,5049,2591,2458,4982,2539,2443,67,52,15,1.91,744,42.2,942,5.29
"마산합포구",월영동,17048,41661,20637,21024,40977,20271,20706,684,366,318,2.40,7070,42.3,15522,2.64
"마산합포구",문화동,6055,10884,5434,5450,10762,5382,5380,122,52,70,1.78,3152,49.1,6257,1.72
"마산합포구",반월중앙동,6225,13288,6390,6898,13247,6381,6866,41,9,32,2.13,3847,49.7,12738,1.04
"마산합포구",완월동,3983,8397,4057,4340,8354,4043,4311,43,14,29,2.10,2569,51.3,3060,2.73
"마산합포구",자산동,4358,8970,4336,4634,8945,4331,4614,25,5,20,2.05,2844,51.5,7645,1.17
"마산합포구",교방동,8577,19029,9406,9623,18963,9387,9576,66,19,47,2.21,4275,44.8,10653,1.78
"마산합포구",오동동,10448,18381,9130,9251,18197,9034,9163,184,96,88,1.74,5656,51.2,6340,2.87
"마산합포구",합포동,3569,6622,3331,3291,6555,3290,3265,67,41,26,1.84,1959,50.4,10242,0.64
"마산합포구",산호동,6101,11597,5750,5847,11414,5666,5748,183,84,99,1.87,3215,49.2,15018,0.76
"마산회원구",소계,82805,181405,90686,90719,178724,89115,89609,2681,1571,1110,2.16,41463,49.3,1983,90.12
"마산회원구",내서읍,25204,60010,30113,29897,59388,29759,29629,622,354,268,2.36,10395,44.7,1064,55.84
"마산회원구",회원1동,5086,9583,4689,4894,9536,4677,4859,47,12,35,1.87,3558,54.1,13063,0.73
"마산회원구",회원2동,4474,9543,4680,4863,9505,4667,4838,38,13,25,2.12,2590,47.8,2829,3.36
"마산회원구",석전동,7710,15934,7866,8068,15821,7820,8001,113,46,67,2.05,4298,48.5,9827,1.61
"마산회원구",회성동,2805,5203,2629,2574,5168,2617,2551,35,12,23,1.84,2005,55.6,541,9.55
"마산회원구",양덕1동,5403,10434,5193,5241,10290,5138,5152,144,55,89,1.90,2963,49.8,11308,0.91
"마산회원구",양덕2동,12765,32552,16042,16510,32384,15943,16441,168,99,69,2.54,5467,42.6,18719,1.73
"마산회원구",합성1동,4416,8671,4380,4291,8605,4353,4252,66,27,39,1.95,2233,48.2,1661,5.18
"마산회원구",합성2동,4626,8669,4318,4351,8336,4158,4178,333,160,173,1.80,2285,48.7,4319,1.93
"마산회원구",구암1동,4231,8198,4074,4124,8116,4049,4067,82,25,57,1.92,2570,51.9,3410,2.38
"마산회원구",구암2동,4360,8939,4476,4463,8735,4357,4378,204,119,85,2.00,2286,48.5,11804,0.74
"마산회원구",봉암동,1725,3669,2226,1443,2840,1577,1263,829,649,180,1.65,813,51.3,461,6.16
"진해구",소계,85772,193455,100389,93066,188739,97185,91554,4716,3204,1512,2.20,34540,46.3,1522,124.03
"진해구",충무동,7550,15748,8152,7596,15495,8010,7485,253,142,111,2.05,3599,45.5,847,18.30
"진해구",여좌동,4214,7896,3923,3973,7811,3884,3927,85,39,46,1.85,2904,54.5,1717,4.55
"진해구",태백동,1869,3469,1735,1734,3459,1732,1727,10,3,7,1.85,1297,54.4,1943,1.78
"진해구",경화동,4548,10525,5321,5204,10466,5289,5177,59,32,27,2.30,2495,47.4,4937,2.12
"진해구",병암동,3338,6908,3405,3503,6862,3373,3489,46,32,14,2.06,1775,48.5,4013,1.71
"진해구",석동,7351,17277,8948,8329,17098,8841,8257,179,107,72,2.33,2568,42.6,7633,2.24
"진해구",이동,4834,8328,4434,3894,8221,4373,3848,107,61,46,1.70,2372,50.7,9034,0.91
"진해구",자은동,8841,20321,10139,10182,20215,10102,10113,106,37,69,2.29,3356,43.5,3309,6.11
"진해구",덕산동,4089,9284,4589,4695,9248,4575,4673,36,14,22,2.26,1929,44.5,4533,2.04
"진해구",풍호동,9159,24893,12397,12496,24805,12359,12446,88,38,50,2.71,3679,41.2,3294,7.53
"진해구",웅천동,5777,14383,7425,6958,13886,6979,6907,497,446,51,2.40,2070,41.1,481,28.89
"진해구",웅동1동,3568,8400,4604,3796,7657,3922,3735,743,682,61,2.15,1639,47.4,234,32.74
"진해구",웅동2동,20634,46023,25317,20706,43516,23746,19770,2507,1571,936,2.11,4857,40.7,2880,15.11
